{
  "toggle_mod": true,
  "animation_speed": 380,
  "curve_points": [
    [
      0.240625,
      0.10756026
    ],
    [
      0.6625,
      0.8706172
    ]
  ]
}